nome;preco;estoque;codigoProduto;categoria;descricao
Adidas 001 - Catalogo;33.07;11;ADS-00001;Roupas;Massa teste empresa Adidas - item 1
Adidas 002 - Catalogo;36.24;22;ADS-00002;Acessorios;Massa teste empresa Adidas - item 2
Adidas 003 - Catalogo;39.41;33;ADS-00003;Equipamentos;Massa teste empresa Adidas - item 3
Adidas 004 - Catalogo;42.58;44;ADS-00004;Calcados;Massa teste empresa Adidas - item 4
Adidas 005 - Catalogo;45.75;55;ADS-00005;Roupas;Massa teste empresa Adidas - item 5
Adidas 006 - Catalogo;48.92;66;ADS-00006;Acessorios;Massa teste empresa Adidas - item 6
Adidas 007 - Catalogo;52.09;77;ADS-00007;Equipamentos;Massa teste empresa Adidas - item 7
Adidas 008 - Catalogo;55.26;88;ADS-00008;Calcados;Massa teste empresa Adidas - item 8
Adidas 009 - Catalogo;58.43;99;ADS-00009;Roupas;Massa teste empresa Adidas - item 9
Adidas 010 - Catalogo;61.60;110;ADS-00010;Acessorios;Massa teste empresa Adidas - item 10
Adidas 011 - Catalogo;64.77;121;ADS-00011;Equipamentos;Massa teste empresa Adidas - item 11
Adidas 012 - Catalogo;67.94;132;ADS-00012;Calcados;Massa teste empresa Adidas - item 12
Adidas 013 - Catalogo;71.11;143;ADS-00013;Roupas;Massa teste empresa Adidas - item 13
Adidas 014 - Catalogo;74.28;154;ADS-00014;Acessorios;Massa teste empresa Adidas - item 14
Adidas 015 - Catalogo;77.45;165;ADS-00015;Equipamentos;Massa teste empresa Adidas - item 15
Adidas 016 - Catalogo;80.62;176;ADS-00016;Calcados;Massa teste empresa Adidas - item 16
Adidas 017 - Catalogo;83.79;187;ADS-00017;Roupas;Massa teste empresa Adidas - item 17
Adidas 018 - Catalogo;86.96;198;ADS-00018;Acessorios;Massa teste empresa Adidas - item 18
Adidas 019 - Catalogo;90.13;209;ADS-00019;Equipamentos;Massa teste empresa Adidas - item 19
Adidas 020 - Catalogo;93.30;220;ADS-00020;Calcados;Massa teste empresa Adidas - item 20
Adidas 021 - Catalogo;96.47;231;ADS-00021;Roupas;Massa teste empresa Adidas - item 21
Adidas 022 - Catalogo;99.64;242;ADS-00022;Acessorios;Massa teste empresa Adidas - item 22
Adidas 023 - Catalogo;102.81;253;ADS-00023;Equipamentos;Massa teste empresa Adidas - item 23
Adidas 024 - Catalogo;105.98;264;ADS-00024;Calcados;Massa teste empresa Adidas - item 24
Adidas 025 - Catalogo;109.15;275;ADS-00025;Roupas;Massa teste empresa Adidas - item 25
Adidas 026 - Catalogo;112.32;286;ADS-00026;Acessorios;Massa teste empresa Adidas - item 26
Adidas 027 - Catalogo;115.49;297;ADS-00027;Equipamentos;Massa teste empresa Adidas - item 27
Adidas 028 - Catalogo;118.66;308;ADS-00028;Calcados;Massa teste empresa Adidas - item 28
Adidas 029 - Catalogo;121.83;319;ADS-00029;Roupas;Massa teste empresa Adidas - item 29
Adidas 030 - Catalogo;125.00;330;ADS-00030;Acessorios;Massa teste empresa Adidas - item 30
Adidas 031 - Catalogo;128.17;341;ADS-00031;Equipamentos;Massa teste empresa Adidas - item 31
Adidas 032 - Catalogo;131.34;352;ADS-00032;Calcados;Massa teste empresa Adidas - item 32
Adidas 033 - Catalogo;134.51;363;ADS-00033;Roupas;Massa teste empresa Adidas - item 33
Adidas 034 - Catalogo;137.68;374;ADS-00034;Acessorios;Massa teste empresa Adidas - item 34
Adidas 035 - Catalogo;140.85;385;ADS-00035;Equipamentos;Massa teste empresa Adidas - item 35
Adidas 036 - Catalogo;144.02;396;ADS-00036;Calcados;Massa teste empresa Adidas - item 36
Adidas 037 - Catalogo;147.19;407;ADS-00037;Roupas;Massa teste empresa Adidas - item 37
Adidas 038 - Catalogo;150.36;418;ADS-00038;Acessorios;Massa teste empresa Adidas - item 38
Adidas 039 - Catalogo;153.53;429;ADS-00039;Equipamentos;Massa teste empresa Adidas - item 39
Adidas 040 - Catalogo;156.70;440;ADS-00040;Calcados;Massa teste empresa Adidas - item 40
Adidas 041 - Catalogo;159.87;451;ADS-00041;Roupas;Massa teste empresa Adidas - item 41
Adidas 042 - Catalogo;163.04;462;ADS-00042;Acessorios;Massa teste empresa Adidas - item 42
Adidas 043 - Catalogo;166.21;473;ADS-00043;Equipamentos;Massa teste empresa Adidas - item 43
Adidas 044 - Catalogo;169.38;484;ADS-00044;Calcados;Massa teste empresa Adidas - item 44
Adidas 045 - Catalogo;172.55;495;ADS-00045;Roupas;Massa teste empresa Adidas - item 45
Adidas 046 - Catalogo;175.72;6;ADS-00046;Acessorios;Massa teste empresa Adidas - item 46
Adidas 047 - Catalogo;178.89;17;ADS-00047;Equipamentos;Massa teste empresa Adidas - item 47
Adidas 048 - Catalogo;182.06;28;ADS-00048;Calcados;Massa teste empresa Adidas - item 48
Adidas 049 - Catalogo;185.23;39;ADS-00049;Roupas;Massa teste empresa Adidas - item 49
Adidas 050 - Catalogo;188.40;50;ADS-00050;Acessorios;Massa teste empresa Adidas - item 50
Adidas 051 - Catalogo;191.57;61;ADS-00051;Equipamentos;Massa teste empresa Adidas - item 51
Adidas 052 - Catalogo;194.74;72;ADS-00052;Calcados;Massa teste empresa Adidas - item 52
Adidas 053 - Catalogo;197.91;83;ADS-00053;Roupas;Massa teste empresa Adidas - item 53
Adidas 054 - Catalogo;201.08;94;ADS-00054;Acessorios;Massa teste empresa Adidas - item 54
Adidas 055 - Catalogo;204.25;105;ADS-00055;Equipamentos;Massa teste empresa Adidas - item 55
Adidas 056 - Catalogo;207.42;116;ADS-00056;Calcados;Massa teste empresa Adidas - item 56
Adidas 057 - Catalogo;210.59;127;ADS-00057;Roupas;Massa teste empresa Adidas - item 57
Adidas 058 - Catalogo;213.76;138;ADS-00058;Acessorios;Massa teste empresa Adidas - item 58
Adidas 059 - Catalogo;216.93;149;ADS-00059;Equipamentos;Massa teste empresa Adidas - item 59
Adidas 060 - Catalogo;220.10;160;ADS-00060;Calcados;Massa teste empresa Adidas - item 60
Adidas 061 - Catalogo;223.27;171;ADS-00061;Roupas;Massa teste empresa Adidas - item 61
Adidas 062 - Catalogo;226.44;182;ADS-00062;Acessorios;Massa teste empresa Adidas - item 62
Adidas 063 - Catalogo;229.61;193;ADS-00063;Equipamentos;Massa teste empresa Adidas - item 63
Adidas 064 - Catalogo;232.78;204;ADS-00064;Calcados;Massa teste empresa Adidas - item 64
Adidas 065 - Catalogo;235.95;215;ADS-00065;Roupas;Massa teste empresa Adidas - item 65
Adidas 066 - Catalogo;239.12;226;ADS-00066;Acessorios;Massa teste empresa Adidas - item 66
Adidas 067 - Catalogo;242.29;237;ADS-00067;Equipamentos;Massa teste empresa Adidas - item 67
Adidas 068 - Catalogo;245.46;248;ADS-00068;Calcados;Massa teste empresa Adidas - item 68
Adidas 069 - Catalogo;248.63;259;ADS-00069;Roupas;Massa teste empresa Adidas - item 69
Adidas 070 - Catalogo;251.80;270;ADS-00070;Acessorios;Massa teste empresa Adidas - item 70
Adidas 071 - Catalogo;254.97;281;ADS-00071;Equipamentos;Massa teste empresa Adidas - item 71
Adidas 072 - Catalogo;258.14;292;ADS-00072;Calcados;Massa teste empresa Adidas - item 72
Adidas 073 - Catalogo;261.31;303;ADS-00073;Roupas;Massa teste empresa Adidas - item 73
Adidas 074 - Catalogo;264.48;314;ADS-00074;Acessorios;Massa teste empresa Adidas - item 74
Adidas 075 - Catalogo;267.65;325;ADS-00075;Equipamentos;Massa teste empresa Adidas - item 75
Adidas 076 - Catalogo;270.82;336;ADS-00076;Calcados;Massa teste empresa Adidas - item 76
Adidas 077 - Catalogo;273.99;347;ADS-00077;Roupas;Massa teste empresa Adidas - item 77
Adidas 078 - Catalogo;277.16;358;ADS-00078;Acessorios;Massa teste empresa Adidas - item 78
Adidas 079 - Catalogo;280.33;369;ADS-00079;Equipamentos;Massa teste empresa Adidas - item 79
Adidas 080 - Catalogo;283.50;380;ADS-00080;Calcados;Massa teste empresa Adidas - item 80
Adidas 081 - Catalogo;286.67;391;ADS-00081;Roupas;Massa teste empresa Adidas - item 81
Adidas 082 - Catalogo;289.84;402;ADS-00082;Acessorios;Massa teste empresa Adidas - item 82
Adidas 083 - Catalogo;293.01;413;ADS-00083;Equipamentos;Massa teste empresa Adidas - item 83
Adidas 084 - Catalogo;296.18;424;ADS-00084;Calcados;Massa teste empresa Adidas - item 84
Adidas 085 - Catalogo;299.35;435;ADS-00085;Roupas;Massa teste empresa Adidas - item 85
Adidas 086 - Catalogo;302.52;446;ADS-00086;Acessorios;Massa teste empresa Adidas - item 86
Adidas 087 - Catalogo;305.69;457;ADS-00087;Equipamentos;Massa teste empresa Adidas - item 87
Adidas 088 - Catalogo;308.86;468;ADS-00088;Calcados;Massa teste empresa Adidas - item 88
Adidas 089 - Catalogo;312.03;479;ADS-00089;Roupas;Massa teste empresa Adidas - item 89
Adidas 090 - Catalogo;315.20;490;ADS-00090;Acessorios;Massa teste empresa Adidas - item 90
Adidas 091 - Catalogo;318.37;1;ADS-00091;Equipamentos;Massa teste empresa Adidas - item 91
Adidas 092 - Catalogo;321.54;12;ADS-00092;Calcados;Massa teste empresa Adidas - item 92
Adidas 093 - Catalogo;324.71;23;ADS-00093;Roupas;Massa teste empresa Adidas - item 93
Adidas 094 - Catalogo;327.88;34;ADS-00094;Acessorios;Massa teste empresa Adidas - item 94
Adidas 095 - Catalogo;331.05;45;ADS-00095;Equipamentos;Massa teste empresa Adidas - item 95
Adidas 096 - Catalogo;334.22;56;ADS-00096;Calcados;Massa teste empresa Adidas - item 96
Adidas 097 - Catalogo;337.39;67;ADS-00097;Roupas;Massa teste empresa Adidas - item 97
Adidas 098 - Catalogo;340.56;78;ADS-00098;Acessorios;Massa teste empresa Adidas - item 98
Adidas 099 - Catalogo;343.73;89;ADS-00099;Equipamentos;Massa teste empresa Adidas - item 99
Adidas 100 - Catalogo;346.90;100;ADS-00100;Calcados;Massa teste empresa Adidas - item 100
Adidas 101 - Catalogo;350.07;111;ADS-00101;Roupas;Massa teste empresa Adidas - item 101
Adidas 102 - Catalogo;353.24;122;ADS-00102;Acessorios;Massa teste empresa Adidas - item 102
Adidas 103 - Catalogo;356.41;133;ADS-00103;Equipamentos;Massa teste empresa Adidas - item 103
Adidas 104 - Catalogo;359.58;144;ADS-00104;Calcados;Massa teste empresa Adidas - item 104
Adidas 105 - Catalogo;362.75;155;ADS-00105;Roupas;Massa teste empresa Adidas - item 105
Adidas 106 - Catalogo;365.92;166;ADS-00106;Acessorios;Massa teste empresa Adidas - item 106
Adidas 107 - Catalogo;369.09;177;ADS-00107;Equipamentos;Massa teste empresa Adidas - item 107
Adidas 108 - Catalogo;372.26;188;ADS-00108;Calcados;Massa teste empresa Adidas - item 108
Adidas 109 - Catalogo;375.43;199;ADS-00109;Roupas;Massa teste empresa Adidas - item 109
Adidas 110 - Catalogo;378.60;210;ADS-00110;Acessorios;Massa teste empresa Adidas - item 110
Adidas 111 - Catalogo;381.77;221;ADS-00111;Equipamentos;Massa teste empresa Adidas - item 111
Adidas 112 - Catalogo;384.94;232;ADS-00112;Calcados;Massa teste empresa Adidas - item 112
Adidas 113 - Catalogo;388.11;243;ADS-00113;Roupas;Massa teste empresa Adidas - item 113
Adidas 114 - Catalogo;391.28;254;ADS-00114;Acessorios;Massa teste empresa Adidas - item 114
Adidas 115 - Catalogo;394.45;265;ADS-00115;Equipamentos;Massa teste empresa Adidas - item 115
Adidas 116 - Catalogo;397.62;276;ADS-00116;Calcados;Massa teste empresa Adidas - item 116
Adidas 117 - Catalogo;400.79;287;ADS-00117;Roupas;Massa teste empresa Adidas - item 117
Adidas 118 - Catalogo;403.96;298;ADS-00118;Acessorios;Massa teste empresa Adidas - item 118
Adidas 119 - Catalogo;407.13;309;ADS-00119;Equipamentos;Massa teste empresa Adidas - item 119
Adidas 120 - Catalogo;410.30;320;ADS-00120;Calcados;Massa teste empresa Adidas - item 120
Adidas 121 - Catalogo;413.47;331;ADS-00121;Roupas;Massa teste empresa Adidas - item 121
Adidas 122 - Catalogo;416.64;342;ADS-00122;Acessorios;Massa teste empresa Adidas - item 122
Adidas 123 - Catalogo;419.81;353;ADS-00123;Equipamentos;Massa teste empresa Adidas - item 123
Adidas 124 - Catalogo;422.98;364;ADS-00124;Calcados;Massa teste empresa Adidas - item 124
Adidas 125 - Catalogo;426.15;375;ADS-00125;Roupas;Massa teste empresa Adidas - item 125
Adidas 126 - Catalogo;429.32;386;ADS-00126;Acessorios;Massa teste empresa Adidas - item 126
Adidas 127 - Catalogo;432.49;397;ADS-00127;Equipamentos;Massa teste empresa Adidas - item 127
Adidas 128 - Catalogo;435.66;408;ADS-00128;Calcados;Massa teste empresa Adidas - item 128
Adidas 129 - Catalogo;438.83;419;ADS-00129;Roupas;Massa teste empresa Adidas - item 129
Adidas 130 - Catalogo;442.00;430;ADS-00130;Acessorios;Massa teste empresa Adidas - item 130
Adidas 131 - Catalogo;445.17;441;ADS-00131;Equipamentos;Massa teste empresa Adidas - item 131
Adidas 132 - Catalogo;448.34;452;ADS-00132;Calcados;Massa teste empresa Adidas - item 132
Adidas 133 - Catalogo;451.51;463;ADS-00133;Roupas;Massa teste empresa Adidas - item 133
Adidas 134 - Catalogo;454.68;474;ADS-00134;Acessorios;Massa teste empresa Adidas - item 134
Adidas 135 - Catalogo;457.85;485;ADS-00135;Equipamentos;Massa teste empresa Adidas - item 135
Adidas 136 - Catalogo;461.02;496;ADS-00136;Calcados;Massa teste empresa Adidas - item 136
Adidas 137 - Catalogo;464.19;7;ADS-00137;Roupas;Massa teste empresa Adidas - item 137
Adidas 138 - Catalogo;467.36;18;ADS-00138;Acessorios;Massa teste empresa Adidas - item 138
Adidas 139 - Catalogo;470.53;29;ADS-00139;Equipamentos;Massa teste empresa Adidas - item 139
Adidas 140 - Catalogo;473.70;40;ADS-00140;Calcados;Massa teste empresa Adidas - item 140
Adidas 141 - Catalogo;476.87;51;ADS-00141;Roupas;Massa teste empresa Adidas - item 141
Adidas 142 - Catalogo;480.04;62;ADS-00142;Acessorios;Massa teste empresa Adidas - item 142
Adidas 143 - Catalogo;483.21;73;ADS-00143;Equipamentos;Massa teste empresa Adidas - item 143
Adidas 144 - Catalogo;486.38;84;ADS-00144;Calcados;Massa teste empresa Adidas - item 144
Adidas 145 - Catalogo;489.55;95;ADS-00145;Roupas;Massa teste empresa Adidas - item 145
Adidas 146 - Catalogo;492.72;106;ADS-00146;Acessorios;Massa teste empresa Adidas - item 146
Adidas 147 - Catalogo;495.89;117;ADS-00147;Equipamentos;Massa teste empresa Adidas - item 147
Adidas 148 - Catalogo;499.06;128;ADS-00148;Calcados;Massa teste empresa Adidas - item 148
Adidas 149 - Catalogo;32.23;139;ADS-00149;Roupas;Massa teste empresa Adidas - item 149
Adidas 150 - Catalogo;35.40;150;ADS-00150;Acessorios;Massa teste empresa Adidas - item 150
Adidas 151 - Catalogo;38.57;161;ADS-00151;Equipamentos;Massa teste empresa Adidas - item 151
Adidas 152 - Catalogo;41.74;172;ADS-00152;Calcados;Massa teste empresa Adidas - item 152
Adidas 153 - Catalogo;44.91;183;ADS-00153;Roupas;Massa teste empresa Adidas - item 153
Adidas 154 - Catalogo;48.08;194;ADS-00154;Acessorios;Massa teste empresa Adidas - item 154
Adidas 155 - Catalogo;51.25;205;ADS-00155;Equipamentos;Massa teste empresa Adidas - item 155
Adidas 156 - Catalogo;54.42;216;ADS-00156;Calcados;Massa teste empresa Adidas - item 156
Adidas 157 - Catalogo;57.59;227;ADS-00157;Roupas;Massa teste empresa Adidas - item 157
Adidas 158 - Catalogo;60.76;238;ADS-00158;Acessorios;Massa teste empresa Adidas - item 158
Adidas 159 - Catalogo;63.93;249;ADS-00159;Equipamentos;Massa teste empresa Adidas - item 159
Adidas 160 - Catalogo;67.10;260;ADS-00160;Calcados;Massa teste empresa Adidas - item 160
Adidas 161 - Catalogo;70.27;271;ADS-00161;Roupas;Massa teste empresa Adidas - item 161
Adidas 162 - Catalogo;73.44;282;ADS-00162;Acessorios;Massa teste empresa Adidas - item 162
Adidas 163 - Catalogo;76.61;293;ADS-00163;Equipamentos;Massa teste empresa Adidas - item 163
Adidas 164 - Catalogo;79.78;304;ADS-00164;Calcados;Massa teste empresa Adidas - item 164
Adidas 165 - Catalogo;82.95;315;ADS-00165;Roupas;Massa teste empresa Adidas - item 165
Adidas 166 - Catalogo;86.12;326;ADS-00166;Acessorios;Massa teste empresa Adidas - item 166
Adidas 167 - Catalogo;89.29;337;ADS-00167;Equipamentos;Massa teste empresa Adidas - item 167
Adidas 168 - Catalogo;92.46;348;ADS-00168;Calcados;Massa teste empresa Adidas - item 168
Adidas 169 - Catalogo;95.63;359;ADS-00169;Roupas;Massa teste empresa Adidas - item 169
Adidas 170 - Catalogo;98.80;370;ADS-00170;Acessorios;Massa teste empresa Adidas - item 170
Adidas 171 - Catalogo;101.97;381;ADS-00171;Equipamentos;Massa teste empresa Adidas - item 171
Adidas 172 - Catalogo;105.14;392;ADS-00172;Calcados;Massa teste empresa Adidas - item 172
Adidas 173 - Catalogo;108.31;403;ADS-00173;Roupas;Massa teste empresa Adidas - item 173
Adidas 174 - Catalogo;111.48;414;ADS-00174;Acessorios;Massa teste empresa Adidas - item 174
Adidas 175 - Catalogo;114.65;425;ADS-00175;Equipamentos;Massa teste empresa Adidas - item 175
Adidas 176 - Catalogo;117.82;436;ADS-00176;Calcados;Massa teste empresa Adidas - item 176
Adidas 177 - Catalogo;120.99;447;ADS-00177;Roupas;Massa teste empresa Adidas - item 177
Adidas 178 - Catalogo;124.16;458;ADS-00178;Acessorios;Massa teste empresa Adidas - item 178
Adidas 179 - Catalogo;127.33;469;ADS-00179;Equipamentos;Massa teste empresa Adidas - item 179
Adidas 180 - Catalogo;130.50;480;ADS-00180;Calcados;Massa teste empresa Adidas - item 180
Adidas 181 - Catalogo;133.67;491;ADS-00181;Roupas;Massa teste empresa Adidas - item 181
Adidas 182 - Catalogo;136.84;2;ADS-00182;Acessorios;Massa teste empresa Adidas - item 182
Adidas 183 - Catalogo;140.01;13;ADS-00183;Equipamentos;Massa teste empresa Adidas - item 183
Adidas 184 - Catalogo;143.18;24;ADS-00184;Calcados;Massa teste empresa Adidas - item 184
Adidas 185 - Catalogo;146.35;35;ADS-00185;Roupas;Massa teste empresa Adidas - item 185
Adidas 186 - Catalogo;149.52;46;ADS-00186;Acessorios;Massa teste empresa Adidas - item 186
Adidas 187 - Catalogo;152.69;57;ADS-00187;Equipamentos;Massa teste empresa Adidas - item 187
Adidas 188 - Catalogo;155.86;68;ADS-00188;Calcados;Massa teste empresa Adidas - item 188
Adidas 189 - Catalogo;159.03;79;ADS-00189;Roupas;Massa teste empresa Adidas - item 189
Adidas 190 - Catalogo;162.20;90;ADS-00190;Acessorios;Massa teste empresa Adidas - item 190
Adidas 191 - Catalogo;165.37;101;ADS-00191;Equipamentos;Massa teste empresa Adidas - item 191
Adidas 192 - Catalogo;168.54;112;ADS-00192;Calcados;Massa teste empresa Adidas - item 192
Adidas 193 - Catalogo;171.71;123;ADS-00193;Roupas;Massa teste empresa Adidas - item 193
Adidas 194 - Catalogo;174.88;134;ADS-00194;Acessorios;Massa teste empresa Adidas - item 194
Adidas 195 - Catalogo;178.05;145;ADS-00195;Equipamentos;Massa teste empresa Adidas - item 195
Adidas 196 - Catalogo;181.22;156;ADS-00196;Calcados;Massa teste empresa Adidas - item 196
Adidas 197 - Catalogo;184.39;167;ADS-00197;Roupas;Massa teste empresa Adidas - item 197
Adidas 198 - Catalogo;187.56;178;ADS-00198;Acessorios;Massa teste empresa Adidas - item 198
Adidas 199 - Catalogo;190.73;189;ADS-00199;Equipamentos;Massa teste empresa Adidas - item 199
Adidas 200 - Catalogo;193.90;200;ADS-00200;Calcados;Massa teste empresa Adidas - item 200
Adidas 201 - Catalogo;197.07;211;ADS-00201;Roupas;Massa teste empresa Adidas - item 201
Adidas 202 - Catalogo;200.24;222;ADS-00202;Acessorios;Massa teste empresa Adidas - item 202
Adidas 203 - Catalogo;203.41;233;ADS-00203;Equipamentos;Massa teste empresa Adidas - item 203
Adidas 204 - Catalogo;206.58;244;ADS-00204;Calcados;Massa teste empresa Adidas - item 204
Adidas 205 - Catalogo;209.75;255;ADS-00205;Roupas;Massa teste empresa Adidas - item 205
Adidas 206 - Catalogo;212.92;266;ADS-00206;Acessorios;Massa teste empresa Adidas - item 206
Adidas 207 - Catalogo;216.09;277;ADS-00207;Equipamentos;Massa teste empresa Adidas - item 207
Adidas 208 - Catalogo;219.26;288;ADS-00208;Calcados;Massa teste empresa Adidas - item 208
Adidas 209 - Catalogo;222.43;299;ADS-00209;Roupas;Massa teste empresa Adidas - item 209
Adidas 210 - Catalogo;225.60;310;ADS-00210;Acessorios;Massa teste empresa Adidas - item 210
Adidas 211 - Catalogo;228.77;321;ADS-00211;Equipamentos;Massa teste empresa Adidas - item 211
Adidas 212 - Catalogo;231.94;332;ADS-00212;Calcados;Massa teste empresa Adidas - item 212
Adidas 213 - Catalogo;235.11;343;ADS-00213;Roupas;Massa teste empresa Adidas - item 213
Adidas 214 - Catalogo;238.28;354;ADS-00214;Acessorios;Massa teste empresa Adidas - item 214
Adidas 215 - Catalogo;241.45;365;ADS-00215;Equipamentos;Massa teste empresa Adidas - item 215
Adidas 216 - Catalogo;244.62;376;ADS-00216;Calcados;Massa teste empresa Adidas - item 216
Adidas 217 - Catalogo;247.79;387;ADS-00217;Roupas;Massa teste empresa Adidas - item 217
Adidas 218 - Catalogo;250.96;398;ADS-00218;Acessorios;Massa teste empresa Adidas - item 218
Adidas 219 - Catalogo;254.13;409;ADS-00219;Equipamentos;Massa teste empresa Adidas - item 219
Adidas 220 - Catalogo;257.30;420;ADS-00220;Calcados;Massa teste empresa Adidas - item 220
Adidas 221 - Catalogo;260.47;431;ADS-00221;Roupas;Massa teste empresa Adidas - item 221
Adidas 222 - Catalogo;263.64;442;ADS-00222;Acessorios;Massa teste empresa Adidas - item 222
Adidas 223 - Catalogo;266.81;453;ADS-00223;Equipamentos;Massa teste empresa Adidas - item 223
Adidas 224 - Catalogo;269.98;464;ADS-00224;Calcados;Massa teste empresa Adidas - item 224
Adidas 225 - Catalogo;273.15;475;ADS-00225;Roupas;Massa teste empresa Adidas - item 225
Adidas 226 - Catalogo;276.32;486;ADS-00226;Acessorios;Massa teste empresa Adidas - item 226
Adidas 227 - Catalogo;279.49;497;ADS-00227;Equipamentos;Massa teste empresa Adidas - item 227
Adidas 228 - Catalogo;282.66;8;ADS-00228;Calcados;Massa teste empresa Adidas - item 228
Adidas 229 - Catalogo;285.83;19;ADS-00229;Roupas;Massa teste empresa Adidas - item 229
Adidas 230 - Catalogo;289.00;30;ADS-00230;Acessorios;Massa teste empresa Adidas - item 230
Adidas 231 - Catalogo;292.17;41;ADS-00231;Equipamentos;Massa teste empresa Adidas - item 231
Adidas 232 - Catalogo;295.34;52;ADS-00232;Calcados;Massa teste empresa Adidas - item 232
Adidas 233 - Catalogo;298.51;63;ADS-00233;Roupas;Massa teste empresa Adidas - item 233
Adidas 234 - Catalogo;301.68;74;ADS-00234;Acessorios;Massa teste empresa Adidas - item 234
Adidas 235 - Catalogo;304.85;85;ADS-00235;Equipamentos;Massa teste empresa Adidas - item 235
Adidas 236 - Catalogo;308.02;96;ADS-00236;Calcados;Massa teste empresa Adidas - item 236
Adidas 237 - Catalogo;311.19;107;ADS-00237;Roupas;Massa teste empresa Adidas - item 237
Adidas 238 - Catalogo;314.36;118;ADS-00238;Acessorios;Massa teste empresa Adidas - item 238
Adidas 239 - Catalogo;317.53;129;ADS-00239;Equipamentos;Massa teste empresa Adidas - item 239
Adidas 240 - Catalogo;320.70;140;ADS-00240;Calcados;Massa teste empresa Adidas - item 240
Adidas 241 - Catalogo;323.87;151;ADS-00241;Roupas;Massa teste empresa Adidas - item 241
Adidas 242 - Catalogo;327.04;162;ADS-00242;Acessorios;Massa teste empresa Adidas - item 242
Adidas 243 - Catalogo;330.21;173;ADS-00243;Equipamentos;Massa teste empresa Adidas - item 243
Adidas 244 - Catalogo;333.38;184;ADS-00244;Calcados;Massa teste empresa Adidas - item 244
Adidas 245 - Catalogo;336.55;195;ADS-00245;Roupas;Massa teste empresa Adidas - item 245
Adidas 246 - Catalogo;339.72;206;ADS-00246;Acessorios;Massa teste empresa Adidas - item 246
Adidas 247 - Catalogo;342.89;217;ADS-00247;Equipamentos;Massa teste empresa Adidas - item 247
Adidas 248 - Catalogo;346.06;228;ADS-00248;Calcados;Massa teste empresa Adidas - item 248
Adidas 249 - Catalogo;349.23;239;ADS-00249;Roupas;Massa teste empresa Adidas - item 249
Adidas 250 - Catalogo;352.40;250;ADS-00250;Acessorios;Massa teste empresa Adidas - item 250
Adidas 251 - Catalogo;355.57;261;ADS-00251;Equipamentos;Massa teste empresa Adidas - item 251
Adidas 252 - Catalogo;358.74;272;ADS-00252;Calcados;Massa teste empresa Adidas - item 252
Adidas 253 - Catalogo;361.91;283;ADS-00253;Roupas;Massa teste empresa Adidas - item 253
Adidas 254 - Catalogo;365.08;294;ADS-00254;Acessorios;Massa teste empresa Adidas - item 254
Adidas 255 - Catalogo;368.25;305;ADS-00255;Equipamentos;Massa teste empresa Adidas - item 255
Adidas 256 - Catalogo;371.42;316;ADS-00256;Calcados;Massa teste empresa Adidas - item 256
Adidas 257 - Catalogo;374.59;327;ADS-00257;Roupas;Massa teste empresa Adidas - item 257
Adidas 258 - Catalogo;377.76;338;ADS-00258;Acessorios;Massa teste empresa Adidas - item 258
Adidas 259 - Catalogo;380.93;349;ADS-00259;Equipamentos;Massa teste empresa Adidas - item 259
Adidas 260 - Catalogo;384.10;360;ADS-00260;Calcados;Massa teste empresa Adidas - item 260
Adidas 261 - Catalogo;387.27;371;ADS-00261;Roupas;Massa teste empresa Adidas - item 261
Adidas 262 - Catalogo;390.44;382;ADS-00262;Acessorios;Massa teste empresa Adidas - item 262
Adidas 263 - Catalogo;393.61;393;ADS-00263;Equipamentos;Massa teste empresa Adidas - item 263
Adidas 264 - Catalogo;396.78;404;ADS-00264;Calcados;Massa teste empresa Adidas - item 264
Adidas 265 - Catalogo;399.95;415;ADS-00265;Roupas;Massa teste empresa Adidas - item 265
Adidas 266 - Catalogo;403.12;426;ADS-00266;Acessorios;Massa teste empresa Adidas - item 266
Adidas 267 - Catalogo;406.29;437;ADS-00267;Equipamentos;Massa teste empresa Adidas - item 267
Adidas 268 - Catalogo;409.46;448;ADS-00268;Calcados;Massa teste empresa Adidas - item 268
Adidas 269 - Catalogo;412.63;459;ADS-00269;Roupas;Massa teste empresa Adidas - item 269
Adidas 270 - Catalogo;415.80;470;ADS-00270;Acessorios;Massa teste empresa Adidas - item 270
Adidas 271 - Catalogo;418.97;481;ADS-00271;Equipamentos;Massa teste empresa Adidas - item 271
Adidas 272 - Catalogo;422.14;492;ADS-00272;Calcados;Massa teste empresa Adidas - item 272
Adidas 273 - Catalogo;425.31;3;ADS-00273;Roupas;Massa teste empresa Adidas - item 273
Adidas 274 - Catalogo;428.48;14;ADS-00274;Acessorios;Massa teste empresa Adidas - item 274
Adidas 275 - Catalogo;431.65;25;ADS-00275;Equipamentos;Massa teste empresa Adidas - item 275
Adidas 276 - Catalogo;434.82;36;ADS-00276;Calcados;Massa teste empresa Adidas - item 276
Adidas 277 - Catalogo;437.99;47;ADS-00277;Roupas;Massa teste empresa Adidas - item 277
Adidas 278 - Catalogo;441.16;58;ADS-00278;Acessorios;Massa teste empresa Adidas - item 278
Adidas 279 - Catalogo;444.33;69;ADS-00279;Equipamentos;Massa teste empresa Adidas - item 279
Adidas 280 - Catalogo;447.50;80;ADS-00280;Calcados;Massa teste empresa Adidas - item 280
Adidas 281 - Catalogo;450.67;91;ADS-00281;Roupas;Massa teste empresa Adidas - item 281
Adidas 282 - Catalogo;453.84;102;ADS-00282;Acessorios;Massa teste empresa Adidas - item 282
Adidas 283 - Catalogo;457.01;113;ADS-00283;Equipamentos;Massa teste empresa Adidas - item 283
Adidas 284 - Catalogo;460.18;124;ADS-00284;Calcados;Massa teste empresa Adidas - item 284
Adidas 285 - Catalogo;463.35;135;ADS-00285;Roupas;Massa teste empresa Adidas - item 285
Adidas 286 - Catalogo;466.52;146;ADS-00286;Acessorios;Massa teste empresa Adidas - item 286
Adidas 287 - Catalogo;469.69;157;ADS-00287;Equipamentos;Massa teste empresa Adidas - item 287
Adidas 288 - Catalogo;472.86;168;ADS-00288;Calcados;Massa teste empresa Adidas - item 288
Adidas 289 - Catalogo;476.03;179;ADS-00289;Roupas;Massa teste empresa Adidas - item 289
Adidas 290 - Catalogo;479.20;190;ADS-00290;Acessorios;Massa teste empresa Adidas - item 290
Adidas 291 - Catalogo;482.37;201;ADS-00291;Equipamentos;Massa teste empresa Adidas - item 291
Adidas 292 - Catalogo;485.54;212;ADS-00292;Calcados;Massa teste empresa Adidas - item 292
Adidas 293 - Catalogo;488.71;223;ADS-00293;Roupas;Massa teste empresa Adidas - item 293
Adidas 294 - Catalogo;491.88;234;ADS-00294;Acessorios;Massa teste empresa Adidas - item 294
Adidas 295 - Catalogo;495.05;245;ADS-00295;Equipamentos;Massa teste empresa Adidas - item 295
Adidas 296 - Catalogo;498.22;256;ADS-00296;Calcados;Massa teste empresa Adidas - item 296
Adidas 297 - Catalogo;31.39;267;ADS-00297;Roupas;Massa teste empresa Adidas - item 297
Adidas 298 - Catalogo;34.56;278;ADS-00298;Acessorios;Massa teste empresa Adidas - item 298
Adidas 299 - Catalogo;37.73;289;ADS-00299;Equipamentos;Massa teste empresa Adidas - item 299
Adidas 300 - Catalogo;40.90;300;ADS-00300;Calcados;Massa teste empresa Adidas - item 300
Adidas 301 - Catalogo;44.07;311;ADS-00301;Roupas;Massa teste empresa Adidas - item 301
Adidas 302 - Catalogo;47.24;322;ADS-00302;Acessorios;Massa teste empresa Adidas - item 302
Adidas 303 - Catalogo;50.41;333;ADS-00303;Equipamentos;Massa teste empresa Adidas - item 303
Adidas 304 - Catalogo;53.58;344;ADS-00304;Calcados;Massa teste empresa Adidas - item 304
Adidas 305 - Catalogo;56.75;355;ADS-00305;Roupas;Massa teste empresa Adidas - item 305
Adidas 306 - Catalogo;59.92;366;ADS-00306;Acessorios;Massa teste empresa Adidas - item 306
Adidas 307 - Catalogo;63.09;377;ADS-00307;Equipamentos;Massa teste empresa Adidas - item 307
Adidas 308 - Catalogo;66.26;388;ADS-00308;Calcados;Massa teste empresa Adidas - item 308
Adidas 309 - Catalogo;69.43;399;ADS-00309;Roupas;Massa teste empresa Adidas - item 309
Adidas 310 - Catalogo;72.60;410;ADS-00310;Acessorios;Massa teste empresa Adidas - item 310
Adidas 311 - Catalogo;75.77;421;ADS-00311;Equipamentos;Massa teste empresa Adidas - item 311
Adidas 312 - Catalogo;78.94;432;ADS-00312;Calcados;Massa teste empresa Adidas - item 312
Adidas 313 - Catalogo;82.11;443;ADS-00313;Roupas;Massa teste empresa Adidas - item 313
Adidas 314 - Catalogo;85.28;454;ADS-00314;Acessorios;Massa teste empresa Adidas - item 314
Adidas 315 - Catalogo;88.45;465;ADS-00315;Equipamentos;Massa teste empresa Adidas - item 315
Adidas 316 - Catalogo;91.62;476;ADS-00316;Calcados;Massa teste empresa Adidas - item 316
Adidas 317 - Catalogo;94.79;487;ADS-00317;Roupas;Massa teste empresa Adidas - item 317
Adidas 318 - Catalogo;97.96;498;ADS-00318;Acessorios;Massa teste empresa Adidas - item 318
Adidas 319 - Catalogo;101.13;9;ADS-00319;Equipamentos;Massa teste empresa Adidas - item 319
Adidas 320 - Catalogo;104.30;20;ADS-00320;Calcados;Massa teste empresa Adidas - item 320
Adidas 321 - Catalogo;107.47;31;ADS-00321;Roupas;Massa teste empresa Adidas - item 321
Adidas 322 - Catalogo;110.64;42;ADS-00322;Acessorios;Massa teste empresa Adidas - item 322
Adidas 323 - Catalogo;113.81;53;ADS-00323;Equipamentos;Massa teste empresa Adidas - item 323
Adidas 324 - Catalogo;116.98;64;ADS-00324;Calcados;Massa teste empresa Adidas - item 324
Adidas 325 - Catalogo;120.15;75;ADS-00325;Roupas;Massa teste empresa Adidas - item 325
Adidas 326 - Catalogo;123.32;86;ADS-00326;Acessorios;Massa teste empresa Adidas - item 326
Adidas 327 - Catalogo;126.49;97;ADS-00327;Equipamentos;Massa teste empresa Adidas - item 327
Adidas 328 - Catalogo;129.66;108;ADS-00328;Calcados;Massa teste empresa Adidas - item 328
Adidas 329 - Catalogo;132.83;119;ADS-00329;Roupas;Massa teste empresa Adidas - item 329
Adidas 330 - Catalogo;136.00;130;ADS-00330;Acessorios;Massa teste empresa Adidas - item 330
Adidas 331 - Catalogo;139.17;141;ADS-00331;Equipamentos;Massa teste empresa Adidas - item 331
Adidas 332 - Catalogo;142.34;152;ADS-00332;Calcados;Massa teste empresa Adidas - item 332
Adidas 333 - Catalogo;145.51;163;ADS-00333;Roupas;Massa teste empresa Adidas - item 333
Adidas 334 - Catalogo;148.68;174;ADS-00334;Acessorios;Massa teste empresa Adidas - item 334
Adidas 335 - Catalogo;151.85;185;ADS-00335;Equipamentos;Massa teste empresa Adidas - item 335
Adidas 336 - Catalogo;155.02;196;ADS-00336;Calcados;Massa teste empresa Adidas - item 336
Adidas 337 - Catalogo;158.19;207;ADS-00337;Roupas;Massa teste empresa Adidas - item 337
Adidas 338 - Catalogo;161.36;218;ADS-00338;Acessorios;Massa teste empresa Adidas - item 338
Adidas 339 - Catalogo;164.53;229;ADS-00339;Equipamentos;Massa teste empresa Adidas - item 339
Adidas 340 - Catalogo;167.70;240;ADS-00340;Calcados;Massa teste empresa Adidas - item 340
Adidas 341 - Catalogo;170.87;251;ADS-00341;Roupas;Massa teste empresa Adidas - item 341
Adidas 342 - Catalogo;174.04;262;ADS-00342;Acessorios;Massa teste empresa Adidas - item 342
Adidas 343 - Catalogo;177.21;273;ADS-00343;Equipamentos;Massa teste empresa Adidas - item 343
Adidas 344 - Catalogo;180.38;284;ADS-00344;Calcados;Massa teste empresa Adidas - item 344
Adidas 345 - Catalogo;183.55;295;ADS-00345;Roupas;Massa teste empresa Adidas - item 345
Adidas 346 - Catalogo;186.72;306;ADS-00346;Acessorios;Massa teste empresa Adidas - item 346
Adidas 347 - Catalogo;189.89;317;ADS-00347;Equipamentos;Massa teste empresa Adidas - item 347
Adidas 348 - Catalogo;193.06;328;ADS-00348;Calcados;Massa teste empresa Adidas - item 348
Adidas 349 - Catalogo;196.23;339;ADS-00349;Roupas;Massa teste empresa Adidas - item 349
Adidas 350 - Catalogo;199.40;350;ADS-00350;Acessorios;Massa teste empresa Adidas - item 350
Adidas 351 - Catalogo;202.57;361;ADS-00351;Equipamentos;Massa teste empresa Adidas - item 351
Adidas 352 - Catalogo;205.74;372;ADS-00352;Calcados;Massa teste empresa Adidas - item 352
Adidas 353 - Catalogo;208.91;383;ADS-00353;Roupas;Massa teste empresa Adidas - item 353
Adidas 354 - Catalogo;212.08;394;ADS-00354;Acessorios;Massa teste empresa Adidas - item 354
Adidas 355 - Catalogo;215.25;405;ADS-00355;Equipamentos;Massa teste empresa Adidas - item 355
Adidas 356 - Catalogo;218.42;416;ADS-00356;Calcados;Massa teste empresa Adidas - item 356
Adidas 357 - Catalogo;221.59;427;ADS-00357;Roupas;Massa teste empresa Adidas - item 357
Adidas 358 - Catalogo;224.76;438;ADS-00358;Acessorios;Massa teste empresa Adidas - item 358
Adidas 359 - Catalogo;227.93;449;ADS-00359;Equipamentos;Massa teste empresa Adidas - item 359
Adidas 360 - Catalogo;231.10;460;ADS-00360;Calcados;Massa teste empresa Adidas - item 360
Adidas 361 - Catalogo;234.27;471;ADS-00361;Roupas;Massa teste empresa Adidas - item 361
Adidas 362 - Catalogo;237.44;482;ADS-00362;Acessorios;Massa teste empresa Adidas - item 362
Adidas 363 - Catalogo;240.61;493;ADS-00363;Equipamentos;Massa teste empresa Adidas - item 363
Adidas 364 - Catalogo;243.78;4;ADS-00364;Calcados;Massa teste empresa Adidas - item 364
Adidas 365 - Catalogo;246.95;15;ADS-00365;Roupas;Massa teste empresa Adidas - item 365
Adidas 366 - Catalogo;250.12;26;ADS-00366;Acessorios;Massa teste empresa Adidas - item 366
Adidas 367 - Catalogo;253.29;37;ADS-00367;Equipamentos;Massa teste empresa Adidas - item 367
Adidas 368 - Catalogo;256.46;48;ADS-00368;Calcados;Massa teste empresa Adidas - item 368
Adidas 369 - Catalogo;259.63;59;ADS-00369;Roupas;Massa teste empresa Adidas - item 369
Adidas 370 - Catalogo;262.80;70;ADS-00370;Acessorios;Massa teste empresa Adidas - item 370
Adidas 371 - Catalogo;265.97;81;ADS-00371;Equipamentos;Massa teste empresa Adidas - item 371
Adidas 372 - Catalogo;269.14;92;ADS-00372;Calcados;Massa teste empresa Adidas - item 372
Adidas 373 - Catalogo;272.31;103;ADS-00373;Roupas;Massa teste empresa Adidas - item 373
Adidas 374 - Catalogo;275.48;114;ADS-00374;Acessorios;Massa teste empresa Adidas - item 374
Adidas 375 - Catalogo;278.65;125;ADS-00375;Equipamentos;Massa teste empresa Adidas - item 375
Adidas 376 - Catalogo;281.82;136;ADS-00376;Calcados;Massa teste empresa Adidas - item 376
Adidas 377 - Catalogo;284.99;147;ADS-00377;Roupas;Massa teste empresa Adidas - item 377
Adidas 378 - Catalogo;288.16;158;ADS-00378;Acessorios;Massa teste empresa Adidas - item 378
Adidas 379 - Catalogo;291.33;169;ADS-00379;Equipamentos;Massa teste empresa Adidas - item 379
Adidas 380 - Catalogo;294.50;180;ADS-00380;Calcados;Massa teste empresa Adidas - item 380
Adidas 381 - Catalogo;297.67;191;ADS-00381;Roupas;Massa teste empresa Adidas - item 381
Adidas 382 - Catalogo;300.84;202;ADS-00382;Acessorios;Massa teste empresa Adidas - item 382
Adidas 383 - Catalogo;304.01;213;ADS-00383;Equipamentos;Massa teste empresa Adidas - item 383
Adidas 384 - Catalogo;307.18;224;ADS-00384;Calcados;Massa teste empresa Adidas - item 384
Adidas 385 - Catalogo;310.35;235;ADS-00385;Roupas;Massa teste empresa Adidas - item 385
Adidas 386 - Catalogo;313.52;246;ADS-00386;Acessorios;Massa teste empresa Adidas - item 386
Adidas 387 - Catalogo;316.69;257;ADS-00387;Equipamentos;Massa teste empresa Adidas - item 387
Adidas 388 - Catalogo;319.86;268;ADS-00388;Calcados;Massa teste empresa Adidas - item 388
Adidas 389 - Catalogo;323.03;279;ADS-00389;Roupas;Massa teste empresa Adidas - item 389
Adidas 390 - Catalogo;326.20;290;ADS-00390;Acessorios;Massa teste empresa Adidas - item 390
Adidas 391 - Catalogo;329.37;301;ADS-00391;Equipamentos;Massa teste empresa Adidas - item 391
Adidas 392 - Catalogo;332.54;312;ADS-00392;Calcados;Massa teste empresa Adidas - item 392
Adidas 393 - Catalogo;335.71;323;ADS-00393;Roupas;Massa teste empresa Adidas - item 393
Adidas 394 - Catalogo;338.88;334;ADS-00394;Acessorios;Massa teste empresa Adidas - item 394
Adidas 395 - Catalogo;342.05;345;ADS-00395;Equipamentos;Massa teste empresa Adidas - item 395
Adidas 396 - Catalogo;345.22;356;ADS-00396;Calcados;Massa teste empresa Adidas - item 396
Adidas 397 - Catalogo;348.39;367;ADS-00397;Roupas;Massa teste empresa Adidas - item 397
Adidas 398 - Catalogo;351.56;378;ADS-00398;Acessorios;Massa teste empresa Adidas - item 398
Adidas 399 - Catalogo;354.73;389;ADS-00399;Equipamentos;Massa teste empresa Adidas - item 399
Adidas 400 - Catalogo;357.90;400;ADS-00400;Calcados;Massa teste empresa Adidas - item 400
Adidas 401 - Catalogo;361.07;411;ADS-00401;Roupas;Massa teste empresa Adidas - item 401
Adidas 402 - Catalogo;364.24;422;ADS-00402;Acessorios;Massa teste empresa Adidas - item 402
Adidas 403 - Catalogo;367.41;433;ADS-00403;Equipamentos;Massa teste empresa Adidas - item 403
Adidas 404 - Catalogo;370.58;444;ADS-00404;Calcados;Massa teste empresa Adidas - item 404
Adidas 405 - Catalogo;373.75;455;ADS-00405;Roupas;Massa teste empresa Adidas - item 405
Adidas 406 - Catalogo;376.92;466;ADS-00406;Acessorios;Massa teste empresa Adidas - item 406
Adidas 407 - Catalogo;380.09;477;ADS-00407;Equipamentos;Massa teste empresa Adidas - item 407
Adidas 408 - Catalogo;383.26;488;ADS-00408;Calcados;Massa teste empresa Adidas - item 408
Adidas 409 - Catalogo;386.43;499;ADS-00409;Roupas;Massa teste empresa Adidas - item 409
Adidas 410 - Catalogo;389.60;10;ADS-00410;Acessorios;Massa teste empresa Adidas - item 410
Adidas 411 - Catalogo;392.77;21;ADS-00411;Equipamentos;Massa teste empresa Adidas - item 411
Adidas 412 - Catalogo;395.94;32;ADS-00412;Calcados;Massa teste empresa Adidas - item 412
Adidas 413 - Catalogo;399.11;43;ADS-00413;Roupas;Massa teste empresa Adidas - item 413
Adidas 414 - Catalogo;402.28;54;ADS-00414;Acessorios;Massa teste empresa Adidas - item 414
Adidas 415 - Catalogo;405.45;65;ADS-00415;Equipamentos;Massa teste empresa Adidas - item 415
Adidas 416 - Catalogo;408.62;76;ADS-00416;Calcados;Massa teste empresa Adidas - item 416
Adidas 417 - Catalogo;411.79;87;ADS-00417;Roupas;Massa teste empresa Adidas - item 417
Adidas 418 - Catalogo;414.96;98;ADS-00418;Acessorios;Massa teste empresa Adidas - item 418
Adidas 419 - Catalogo;418.13;109;ADS-00419;Equipamentos;Massa teste empresa Adidas - item 419
Adidas 420 - Catalogo;421.30;120;ADS-00420;Calcados;Massa teste empresa Adidas - item 420
Adidas 421 - Catalogo;424.47;131;ADS-00421;Roupas;Massa teste empresa Adidas - item 421
Adidas 422 - Catalogo;427.64;142;ADS-00422;Acessorios;Massa teste empresa Adidas - item 422
Adidas 423 - Catalogo;430.81;153;ADS-00423;Equipamentos;Massa teste empresa Adidas - item 423
Adidas 424 - Catalogo;433.98;164;ADS-00424;Calcados;Massa teste empresa Adidas - item 424
Adidas 425 - Catalogo;437.15;175;ADS-00425;Roupas;Massa teste empresa Adidas - item 425
Adidas 426 - Catalogo;440.32;186;ADS-00426;Acessorios;Massa teste empresa Adidas - item 426
Adidas 427 - Catalogo;443.49;197;ADS-00427;Equipamentos;Massa teste empresa Adidas - item 427
Adidas 428 - Catalogo;446.66;208;ADS-00428;Calcados;Massa teste empresa Adidas - item 428
Adidas 429 - Catalogo;449.83;219;ADS-00429;Roupas;Massa teste empresa Adidas - item 429
Adidas 430 - Catalogo;453.00;230;ADS-00430;Acessorios;Massa teste empresa Adidas - item 430
Adidas 431 - Catalogo;456.17;241;ADS-00431;Equipamentos;Massa teste empresa Adidas - item 431
Adidas 432 - Catalogo;459.34;252;ADS-00432;Calcados;Massa teste empresa Adidas - item 432
Adidas 433 - Catalogo;462.51;263;ADS-00433;Roupas;Massa teste empresa Adidas - item 433
Adidas 434 - Catalogo;465.68;274;ADS-00434;Acessorios;Massa teste empresa Adidas - item 434
Adidas 435 - Catalogo;468.85;285;ADS-00435;Equipamentos;Massa teste empresa Adidas - item 435
Adidas 436 - Catalogo;472.02;296;ADS-00436;Calcados;Massa teste empresa Adidas - item 436
Adidas 437 - Catalogo;475.19;307;ADS-00437;Roupas;Massa teste empresa Adidas - item 437
Adidas 438 - Catalogo;478.36;318;ADS-00438;Acessorios;Massa teste empresa Adidas - item 438
Adidas 439 - Catalogo;481.53;329;ADS-00439;Equipamentos;Massa teste empresa Adidas - item 439
Adidas 440 - Catalogo;484.70;340;ADS-00440;Calcados;Massa teste empresa Adidas - item 440
Adidas 441 - Catalogo;487.87;351;ADS-00441;Roupas;Massa teste empresa Adidas - item 441
Adidas 442 - Catalogo;491.04;362;ADS-00442;Acessorios;Massa teste empresa Adidas - item 442
Adidas 443 - Catalogo;494.21;373;ADS-00443;Equipamentos;Massa teste empresa Adidas - item 443
Adidas 444 - Catalogo;497.38;384;ADS-00444;Calcados;Massa teste empresa Adidas - item 444
Adidas 445 - Catalogo;30.55;395;ADS-00445;Roupas;Massa teste empresa Adidas - item 445
Adidas 446 - Catalogo;33.72;406;ADS-00446;Acessorios;Massa teste empresa Adidas - item 446
Adidas 447 - Catalogo;36.89;417;ADS-00447;Equipamentos;Massa teste empresa Adidas - item 447
Adidas 448 - Catalogo;40.06;428;ADS-00448;Calcados;Massa teste empresa Adidas - item 448
Adidas 449 - Catalogo;43.23;439;ADS-00449;Roupas;Massa teste empresa Adidas - item 449
Adidas 450 - Catalogo;46.40;450;ADS-00450;Acessorios;Massa teste empresa Adidas - item 450
Adidas 451 - Catalogo;49.57;461;ADS-00451;Equipamentos;Massa teste empresa Adidas - item 451
Adidas 452 - Catalogo;52.74;472;ADS-00452;Calcados;Massa teste empresa Adidas - item 452
Adidas 453 - Catalogo;55.91;483;ADS-00453;Roupas;Massa teste empresa Adidas - item 453
Adidas 454 - Catalogo;59.08;494;ADS-00454;Acessorios;Massa teste empresa Adidas - item 454
Adidas 455 - Catalogo;62.25;5;ADS-00455;Equipamentos;Massa teste empresa Adidas - item 455
Adidas 456 - Catalogo;65.42;16;ADS-00456;Calcados;Massa teste empresa Adidas - item 456
Adidas 457 - Catalogo;68.59;27;ADS-00457;Roupas;Massa teste empresa Adidas - item 457
Adidas 458 - Catalogo;71.76;38;ADS-00458;Acessorios;Massa teste empresa Adidas - item 458
Adidas 459 - Catalogo;74.93;49;ADS-00459;Equipamentos;Massa teste empresa Adidas - item 459
Adidas 460 - Catalogo;78.10;60;ADS-00460;Calcados;Massa teste empresa Adidas - item 460
Adidas 461 - Catalogo;81.27;71;ADS-00461;Roupas;Massa teste empresa Adidas - item 461
Adidas 462 - Catalogo;84.44;82;ADS-00462;Acessorios;Massa teste empresa Adidas - item 462
Adidas 463 - Catalogo;87.61;93;ADS-00463;Equipamentos;Massa teste empresa Adidas - item 463
Adidas 464 - Catalogo;90.78;104;ADS-00464;Calcados;Massa teste empresa Adidas - item 464
Adidas 465 - Catalogo;93.95;115;ADS-00465;Roupas;Massa teste empresa Adidas - item 465
Adidas 466 - Catalogo;97.12;126;ADS-00466;Acessorios;Massa teste empresa Adidas - item 466
Adidas 467 - Catalogo;100.29;137;ADS-00467;Equipamentos;Massa teste empresa Adidas - item 467
Adidas 468 - Catalogo;103.46;148;ADS-00468;Calcados;Massa teste empresa Adidas - item 468
Adidas 469 - Catalogo;106.63;159;ADS-00469;Roupas;Massa teste empresa Adidas - item 469
Adidas 470 - Catalogo;109.80;170;ADS-00470;Acessorios;Massa teste empresa Adidas - item 470
Adidas 471 - Catalogo;112.97;181;ADS-00471;Equipamentos;Massa teste empresa Adidas - item 471
Adidas 472 - Catalogo;116.14;192;ADS-00472;Calcados;Massa teste empresa Adidas - item 472
Adidas 473 - Catalogo;119.31;203;ADS-00473;Roupas;Massa teste empresa Adidas - item 473
Adidas 474 - Catalogo;122.48;214;ADS-00474;Acessorios;Massa teste empresa Adidas - item 474
Adidas 475 - Catalogo;125.65;225;ADS-00475;Equipamentos;Massa teste empresa Adidas - item 475
Adidas 476 - Catalogo;128.82;236;ADS-00476;Calcados;Massa teste empresa Adidas - item 476
Adidas 477 - Catalogo;131.99;247;ADS-00477;Roupas;Massa teste empresa Adidas - item 477
Adidas 478 - Catalogo;135.16;258;ADS-00478;Acessorios;Massa teste empresa Adidas - item 478
Adidas 479 - Catalogo;138.33;269;ADS-00479;Equipamentos;Massa teste empresa Adidas - item 479
Adidas 480 - Catalogo;141.50;280;ADS-00480;Calcados;Massa teste empresa Adidas - item 480
Adidas 481 - Catalogo;144.67;291;ADS-00481;Roupas;Massa teste empresa Adidas - item 481
Adidas 482 - Catalogo;147.84;302;ADS-00482;Acessorios;Massa teste empresa Adidas - item 482
Adidas 483 - Catalogo;151.01;313;ADS-00483;Equipamentos;Massa teste empresa Adidas - item 483
Adidas 484 - Catalogo;154.18;324;ADS-00484;Calcados;Massa teste empresa Adidas - item 484
Adidas 485 - Catalogo;157.35;335;ADS-00485;Roupas;Massa teste empresa Adidas - item 485
Adidas 486 - Catalogo;160.52;346;ADS-00486;Acessorios;Massa teste empresa Adidas - item 486
Adidas 487 - Catalogo;163.69;357;ADS-00487;Equipamentos;Massa teste empresa Adidas - item 487
Adidas 488 - Catalogo;166.86;368;ADS-00488;Calcados;Massa teste empresa Adidas - item 488
Adidas 489 - Catalogo;170.03;379;ADS-00489;Roupas;Massa teste empresa Adidas - item 489
Adidas 490 - Catalogo;173.20;390;ADS-00490;Acessorios;Massa teste empresa Adidas - item 490
Adidas 491 - Catalogo;176.37;401;ADS-00491;Equipamentos;Massa teste empresa Adidas - item 491
Adidas 492 - Catalogo;179.54;412;ADS-00492;Calcados;Massa teste empresa Adidas - item 492
Adidas 493 - Catalogo;182.71;423;ADS-00493;Roupas;Massa teste empresa Adidas - item 493
Adidas 494 - Catalogo;185.88;434;ADS-00494;Acessorios;Massa teste empresa Adidas - item 494
Adidas 495 - Catalogo;189.05;445;ADS-00495;Equipamentos;Massa teste empresa Adidas - item 495
Adidas 496 - Catalogo;192.22;456;ADS-00496;Calcados;Massa teste empresa Adidas - item 496
Adidas 497 - Catalogo;195.39;467;ADS-00497;Roupas;Massa teste empresa Adidas - item 497
Adidas 498 - Catalogo;198.56;478;ADS-00498;Acessorios;Massa teste empresa Adidas - item 498
Adidas 499 - Catalogo;201.73;489;ADS-00499;Equipamentos;Massa teste empresa Adidas - item 499
Adidas 500 - Catalogo;204.90;0;ADS-00500;Calcados;Massa teste empresa Adidas - item 500